id,symbol,asset_class,assembly_status,status,frame_count,model_resource,sequence_resource,texture_resource
0,OBJ_EVENT_GFX_PLAYER_M,human_actor,complete_public_resource_join,READY_BILLBOARD,32,res/prebuilt/data/mmodel/mmodel/mmodel_00000421.bin,res/prebuilt/data/mmodel/mmodel/mmodel_00000446.bin,res/prebuilt/data/mmodel/mmodel/mmodel_00000090.bin
1,OBJ_EVENT_GFX_NINJA_BOY,human_actor,complete_public_resource_join,READY_BILLBOARD,16,res/prebuilt/data/mmodel/mmodel/mmodel_00000421.bin,res/prebuilt/data/mmodel/mmodel/mmodel_00000445.bin,res/prebuilt/data/mmodel/mmodel/mmodel_00000000.bin
2,OBJ_EVENT_GFX_TWIN,human_actor,complete_public_resource_join,READY_BILLBOARD,16,res/prebuilt/data/mmodel/mmodel/mmodel_00000421.bin,res/prebuilt/data/mmodel/mmodel/mmodel_00000445.bin,res/prebuilt/data/mmodel/mmodel/mmodel_00000001.bin
3,OBJ_EVENT_GFX_SCHOOL_KID_M,human_actor,complete_public_resource_join,READY_BILLBOARD,16,res/prebuilt/data/mmodel/mmodel/mmodel_00000421.bin,res/prebuilt/data/mmodel/mmodel/mmodel_00000445.bin,res/prebuilt/data/mmodel/mmodel/mmodel_00000002.bin
4,OBJ_EVENT_GFX_YOUNGSTER,human_actor,complete_public_resource_join,READY_BILLBOARD,16,res/prebuilt/data/mmodel/mmodel/mmodel_00000421.bin,res/prebuilt/data/mmodel/mmodel/mmodel_00000445.bin,res/prebuilt/data/mmodel/mmodel/mmodel_00000003.bin
5,OBJ_EVENT_GFX_BUG_CATCHER,human_actor,complete_public_resource_join,READY_BILLBOARD,16,res/prebuilt/data/mmodel/mmodel/mmodel_00000421.bin,res/prebuilt/data/mmodel/mmodel/mmodel_00000445.bin,res/prebuilt/data/mmodel/mmodel/mmodel_00000004.bin
6,OBJ_EVENT_GFX_LASS,human_actor,complete_public_resource_join,READY_BILLBOARD,16,res/prebuilt/data/mmodel/mmodel/mmodel_00000421.bin,res/prebuilt/data/mmodel/mmodel/mmodel_00000445.bin,res/prebuilt/data/mmodel/mmodel/mmodel_00000005.bin
7,OBJ_EVENT_GFX_BATTLE_GIRL,human_actor,complete_public_resource_join,READY_BILLBOARD,16,res/prebuilt/data/mmodel/mmodel/mmodel_00000421.bin,res/prebuilt/data/mmodel/mmodel/mmodel_00000445.bin,res/prebuilt/data/mmodel/mmodel/mmodel_00000006.bin
8,OBJ_EVENT_GFX_SCHOOL_KID_F,human_actor,complete_public_resource_join,READY_BILLBOARD,16,res/prebuilt/data/mmodel/mmodel/mmodel_00000421.bin,res/prebuilt/data/mmodel/mmodel/mmodel_00000445.bin,res/prebuilt/data/mmodel/mmodel/mmodel_00000007.bin
9,OBJ_EVENT_GFX_POKEMON_BREEDER_M,human_actor,complete_public_resource_join,READY_BILLBOARD,16,res/prebuilt/data/mmodel/mmodel/mmodel_00000421.bin,res/prebuilt/data/mmodel/mmodel/mmodel_00000445.bin,res/prebuilt/data/mmodel/mmodel/mmodel_00000008.bin
10,OBJ_EVENT_GFX_GUITARIST,human_actor,complete_public_resource_join,READY_BILLBOARD,16,res/prebuilt/data/mmodel/mmodel/mmodel_00000421.bin,res/prebuilt/data/mmodel/mmodel/mmodel_00000445.bin,res/prebuilt/data/mmodel/mmodel/mmodel_00000009.bin
11,OBJ_EVENT_GFX_ACE_TRAINER_M,human_actor,complete_public_resource_join,READY_BILLBOARD,16,res/prebuilt/data/mmodel/mmodel/mmodel_00000421.bin,res/prebuilt/data/mmodel/mmodel/mmodel_00000445.bin,res/prebuilt/data/mmodel/mmodel/mmodel_00000010.bin
12,OBJ_EVENT_GFX_POKEMON_BREEDER_F,human_actor,complete_public_resource_join,READY_BILLBOARD,16,res/prebuilt/data/mmodel/mmodel/mmodel_00000421.bin,res/prebuilt/data/mmodel/mmodel/mmodel_00000445.bin,res/prebuilt/data/mmodel/mmodel/mmodel_00000011.bin
13,OBJ_EVENT_GFX_BEAUTY,human_actor,complete_public_resource_join,READY_BILLBOARD,16,res/prebuilt/data/mmodel/mmodel/mmodel_00000421.bin,res/prebuilt/data/mmodel/mmodel/mmodel_00000445.bin,res/prebuilt/data/mmodel/mmodel/mmodel_00000012.bin
14,OBJ_EVENT_GFX_ACE_TRAINER_F,human_actor,complete_public_resource_join,READY_BILLBOARD,16,res/prebuilt/data/mmodel/mmodel/mmodel_00000421.bin,res/prebuilt/data/mmodel/mmodel/mmodel_00000445.bin,res/prebuilt/data/mmodel/mmodel/mmodel_00000013.bin
15,OBJ_EVENT_GFX_POKEFAN_M,human_actor,complete_public_resource_join,READY_BILLBOARD,16,res/prebuilt/data/mmodel/mmodel/mmodel_00000421.bin,res/prebuilt/data/mmodel/mmodel/mmodel_00000445.bin,res/prebuilt/data/mmodel/mmodel/mmodel_00000014.bin
16,OBJ_EVENT_GFX_POKEFAN_F,human_actor,complete_public_resource_join,READY_BILLBOARD,16,res/prebuilt/data/mmodel/mmodel/mmodel_00000421.bin,res/prebuilt/data/mmodel/mmodel/mmodel_00000445.bin,res/prebuilt/data/mmodel/mmodel/mmodel_00000015.bin
17,OBJ_EVENT_GFX_EXPERT_M,human_actor,complete_public_resource_join,READY_BILLBOARD,16,res/prebuilt/data/mmodel/mmodel/mmodel_00000421.bin,res/prebuilt/data/mmodel/mmodel/mmodel_00000445.bin,res/prebuilt/data/mmodel/mmodel/mmodel_00000016.bin
18,OBJ_EVENT_GFX_EXPERT_F,human_actor,complete_public_resource_join,READY_BILLBOARD,16,res/prebuilt/data/mmodel/mmodel/mmodel_00000421.bin,res/prebuilt/data/mmodel/mmodel/mmodel_00000445.bin,res/prebuilt/data/mmodel/mmodel/mmodel_00000017.bin
19,OBJ_EVENT_GFX_COLLECTOR,human_actor,complete_public_resource_join,READY_BILLBOARD,16,res/prebuilt/data/mmodel/mmodel/mmodel_00000421.bin,res/prebuilt/data/mmodel/mmodel/mmodel_00000445.bin,res/prebuilt/data/mmodel/mmodel/mmodel_00000018.bin
20,OBJ_EVENT_GFX_HIKER,human_actor,complete_public_resource_join,READY_BILLBOARD,16,res/prebuilt/data/mmodel/mmodel/mmodel_00000421.bin,res/prebuilt/data/mmodel/mmodel/mmodel_00000445.bin,res/prebuilt/data/mmodel/mmodel/mmodel_00000019.bin
21,OBJ_EVENT_GFX_PLAYER_M_BIKE,human_actor,complete_public_resource_join,READY_BILLBOARD,24,res/prebuilt/data/mmodel/mmodel/mmodel_00000421.bin,res/prebuilt/data/mmodel/mmodel/mmodel_00000448.bin,res/prebuilt/data/mmodel/mmodel/mmodel_00000092.bin
22,OBJ_EVENT_GFX_REPORTER,human_actor,complete_public_resource_join,READY_BILLBOARD,16,res/prebuilt/data/mmodel/mmodel/mmodel_00000421.bin,res/prebuilt/data/mmodel/mmodel/mmodel_00000445.bin,res/prebuilt/data/mmodel/mmodel/mmodel_00000020.bin
23,OBJ_EVENT_GFX_CAMERAMAN,human_actor,complete_public_resource_join,READY_BILLBOARD,16,res/prebuilt/data/mmodel/mmodel/mmodel_00000421.bin,res/prebuilt/data/mmodel/mmodel/mmodel_00000445.bin,res/prebuilt/data/mmodel/mmodel/mmodel_00000021.bin
24,OBJ_EVENT_GFX_CASHIER_M,human_actor,complete_public_resource_join,READY_BILLBOARD,16,res/prebuilt/data/mmodel/mmodel/mmodel_00000421.bin,res/prebuilt/data/mmodel/mmodel/mmodel_00000445.bin,res/prebuilt/data/mmodel/mmodel/mmodel_00000022.bin
25,OBJ_EVENT_GFX_CASHIER_F,human_actor,complete_public_resource_join,READY_BILLBOARD,16,res/prebuilt/data/mmodel/mmodel/mmodel_00000421.bin,res/prebuilt/data/mmodel/mmodel/mmodel_00000445.bin,res/prebuilt/data/mmodel/mmodel/mmodel_00000023.bin
26,OBJ_EVENT_GFX_POKECENTER_NURSE,human_actor,complete_public_resource_join,READY_BILLBOARD,17,res/prebuilt/data/mmodel/mmodel/mmodel_00000421.bin,res/prebuilt/data/mmodel/mmodel/mmodel_00000456.bin,res/prebuilt/data/mmodel/mmodel/mmodel_00000024.bin
27,OBJ_EVENT_GFX_TEALA,unresolved,complete_public_resource_join,READY_BILLBOARD,16,res/prebuilt/data/mmodel/mmodel/mmodel_00000421.bin,res/prebuilt/data/mmodel/mmodel/mmodel_00000445.bin,res/prebuilt/data/mmodel/mmodel/mmodel_00000025.bin
28,OBJ_EVENT_GFX_UNUSED_RECEPTIONIST,human_actor,complete_public_resource_join,READY_BILLBOARD,16,res/prebuilt/data/mmodel/mmodel/mmodel_00000421.bin,res/prebuilt/data/mmodel/mmodel/mmodel_00000445.bin,res/prebuilt/data/mmodel/mmodel/mmodel_00000026.bin
29,OBJ_EVENT_GFX_SCIENTIST_M,human_actor,complete_public_resource_join,READY_BILLBOARD,16,res/prebuilt/data/mmodel/mmodel/mmodel_00000421.bin,res/prebuilt/data/mmodel/mmodel/mmodel_00000445.bin,res/prebuilt/data/mmodel/mmodel/mmodel_00000027.bin
30,OBJ_EVENT_GFX_SCIENTIST_F,human_actor,complete_public_resource_join,READY_BILLBOARD,16,res/prebuilt/data/mmodel/mmodel/mmodel_00000421.bin,res/prebuilt/data/mmodel/mmodel/mmodel_00000445.bin,res/prebuilt/data/mmodel/mmodel/mmodel_00000028.bin
31,OBJ_EVENT_GFX_ROUGHNECK,human_actor,complete_public_resource_join,READY_BILLBOARD,16,res/prebuilt/data/mmodel/mmodel/mmodel_00000421.bin,res/prebuilt/data/mmodel/mmodel/mmodel_00000445.bin,res/prebuilt/data/mmodel/mmodel/mmodel_00000029.bin
32,OBJ_EVENT_GFX_SKIER_M,human_actor,complete_public_resource_join,READY_BILLBOARD,16,res/prebuilt/data/mmodel/mmodel/mmodel_00000421.bin,res/prebuilt/data/mmodel/mmodel/mmodel_00000445.bin,res/prebuilt/data/mmodel/mmodel/mmodel_00000030.bin
33,OBJ_EVENT_GFX_SKIER_F,human_actor,complete_public_resource_join,READY_BILLBOARD,16,res/prebuilt/data/mmodel/mmodel/mmodel_00000421.bin,res/prebuilt/data/mmodel/mmodel/mmodel_00000445.bin,res/prebuilt/data/mmodel/mmodel/mmodel_00000031.bin
34,OBJ_EVENT_GFX_POLICEMAN,human_actor,complete_public_resource_join,READY_BILLBOARD,16,res/prebuilt/data/mmodel/mmodel/mmodel_00000421.bin,res/prebuilt/data/mmodel/mmodel/mmodel_00000445.bin,res/prebuilt/data/mmodel/mmodel/mmodel_00000032.bin
35,OBJ_EVENT_GFX_IDOL,unresolved,complete_public_resource_join,READY_BILLBOARD,16,res/prebuilt/data/mmodel/mmodel/mmodel_00000421.bin,res/prebuilt/data/mmodel/mmodel/mmodel_00000445.bin,res/prebuilt/data/mmodel/mmodel/mmodel_00000033.bin
36,OBJ_EVENT_GFX_GENTLEMAN,human_actor,complete_public_resource_join,READY_BILLBOARD,16,res/prebuilt/data/mmodel/mmodel/mmodel_00000421.bin,res/prebuilt/data/mmodel/mmodel/mmodel_00000445.bin,res/prebuilt/data/mmodel/mmodel/mmodel_00000034.bin
37,OBJ_EVENT_GFX_SOCIALITE,unresolved,complete_public_resource_join,READY_BILLBOARD,16,res/prebuilt/data/mmodel/mmodel/mmodel_00000421.bin,res/prebuilt/data/mmodel/mmodel/mmodel_00000445.bin,res/prebuilt/data/mmodel/mmodel/mmodel_00000035.bin
38,OBJ_EVENT_GFX_CYCLIST_M,unresolved,complete_public_resource_join,READY_BILLBOARD,16,res/prebuilt/data/mmodel/mmodel/mmodel_00000421.bin,res/prebuilt/data/mmodel/mmodel/mmodel_00000445.bin,res/prebuilt/data/mmodel/mmodel/mmodel_00000036.bin
39,OBJ_EVENT_GFX_CYCLIST_F,unresolved,complete_public_resource_join,READY_BILLBOARD,16,res/prebuilt/data/mmodel/mmodel/mmodel_00000421.bin,res/prebuilt/data/mmodel/mmodel/mmodel_00000445.bin,res/prebuilt/data/mmodel/mmodel/mmodel_00000037.bin
40,OBJ_EVENT_GFX_WORKER,human_actor,complete_public_resource_join,READY_BILLBOARD,16,res/prebuilt/data/mmodel/mmodel/mmodel_00000421.bin,res/prebuilt/data/mmodel/mmodel/mmodel_00000445.bin,res/prebuilt/data/mmodel/mmodel/mmodel_00000038.bin
41,OBJ_EVENT_GFX_RANCHER,unresolved,complete_public_resource_join,READY_BILLBOARD,16,res/prebuilt/data/mmodel/mmodel/mmodel_00000421.bin,res/prebuilt/data/mmodel/mmodel/mmodel_00000445.bin,res/prebuilt/data/mmodel/mmodel/mmodel_00000039.bin
42,OBJ_EVENT_GFX_COWGIRL,human_actor,complete_public_resource_join,READY_BILLBOARD,16,res/prebuilt/data/mmodel/mmodel/mmodel_00000421.bin,res/prebuilt/data/mmodel/mmodel/mmodel_00000445.bin,res/prebuilt/data/mmodel/mmodel/mmodel_00000040.bin
43,OBJ_EVENT_GFX_CLOWN,human_actor,complete_public_resource_join,READY_BILLBOARD,16,res/prebuilt/data/mmodel/mmodel/mmodel_00000421.bin,res/prebuilt/data/mmodel/mmodel/mmodel_00000445.bin,res/prebuilt/data/mmodel/mmodel/mmodel_00000041.bin
44,OBJ_EVENT_GFX_ARTIST,unresolved,complete_public_resource_join,READY_BILLBOARD,16,res/prebuilt/data/mmodel/mmodel/mmodel_00000421.bin,res/prebuilt/data/mmodel/mmodel/mmodel_00000445.bin,res/prebuilt/data/mmodel/mmodel/mmodel_00000042.bin
45,OBJ_EVENT_GFX_JOGGER,unresolved,complete_public_resource_join,READY_BILLBOARD,16,res/prebuilt/data/mmodel/mmodel/mmodel_00000421.bin,res/prebuilt/data/mmodel/mmodel/mmodel_00000445.bin,res/prebuilt/data/mmodel/mmodel/mmodel_00000043.bin
46,OBJ_EVENT_GFX_SWIMMER_M,unresolved,complete_public_resource_join,READY_BILLBOARD,16,res/prebuilt/data/mmodel/mmodel/mmodel_00000421.bin,res/prebuilt/data/mmodel/mmodel/mmodel_00000445.bin,res/prebuilt/data/mmodel/mmodel/mmodel_00000044.bin
47,OBJ_EVENT_GFX_SWIMMER_F,unresolved,complete_public_resource_join,READY_BILLBOARD,16,res/prebuilt/data/mmodel/mmodel/mmodel_00000421.bin,res/prebuilt/data/mmodel/mmodel/mmodel_00000445.bin,res/prebuilt/data/mmodel/mmodel/mmodel_00000045.bin
48,OBJ_EVENT_GFX_TUBER_F,unresolved,complete_public_resource_join,READY_BILLBOARD,16,res/prebuilt/data/mmodel/mmodel/mmodel_00000421.bin,res/prebuilt/data/mmodel/mmodel/mmodel_00000445.bin,res/prebuilt/data/mmodel/mmodel/mmodel_00000046.bin
49,OBJ_EVENT_GFX_TUBER_M,unresolved,complete_public_resource_join,READY_BILLBOARD,16,res/prebuilt/data/mmodel/mmodel/mmodel_00000421.bin,res/prebuilt/data/mmodel/mmodel/mmodel_00000445.bin,res/prebuilt/data/mmodel/mmodel/mmodel_00000047.bin
50,OBJ_EVENT_GFX_RUIN_MANIAC,human_actor,complete_public_resource_join,READY_BILLBOARD,16,res/prebuilt/data/mmodel/mmodel/mmodel_00000421.bin,res/prebuilt/data/mmodel/mmodel/mmodel_00000445.bin,res/prebuilt/data/mmodel/mmodel/mmodel_00000048.bin
51,OBJ_EVENT_GFX_BLACK_BELT,unresolved,complete_public_resource_join,READY_BILLBOARD,16,res/prebuilt/data/mmodel/mmodel/mmodel_00000421.bin,res/prebuilt/data/mmodel/mmodel/mmodel_00000445.bin,res/prebuilt/data/mmodel/mmodel/mmodel_00000049.bin
52,OBJ_EVENT_GFX_CAMPER,unresolved,complete_public_resource_join,READY_BILLBOARD,16,res/prebuilt/data/mmodel/mmodel/mmodel_00000421.bin,res/prebuilt/data/mmodel/mmodel/mmodel_00000445.bin,res/prebuilt/data/mmodel/mmodel/mmodel_00000050.bin
53,OBJ_EVENT_GFX_PICNICKER,unresolved,complete_public_resource_join,READY_BILLBOARD,16,res/prebuilt/data/mmodel/mmodel/mmodel_00000421.bin,res/prebuilt/data/mmodel/mmodel/mmodel_00000445.bin,res/prebuilt/data/mmodel/mmodel/mmodel_00000051.bin
54,OBJ_EVENT_GFX_FISHERMAN,human_actor,complete_public_resource_join,READY_BILLBOARD,16,res/prebuilt/data/mmodel/mmodel/mmodel_00000421.bin,res/prebuilt/data/mmodel/mmodel/mmodel_00000445.bin,res/prebuilt/data/mmodel/mmodel/mmodel_00000052.bin
55,OBJ_EVENT_GFX_PARASOL_LADY,human_actor,complete_public_resource_join,READY_BILLBOARD,16,res/prebuilt/data/mmodel/mmodel/mmodel_00000421.bin,res/prebuilt/data/mmodel/mmodel/mmodel_00000445.bin,res/prebuilt/data/mmodel/mmodel/mmodel_00000053.bin
56,OBJ_EVENT_GFX_SAILOR,human_actor,complete_public_resource_join,READY_BILLBOARD,16,res/prebuilt/data/mmodel/mmodel/mmodel_00000421.bin,res/prebuilt/data/mmodel/mmodel/mmodel_00000445.bin,res/prebuilt/data/mmodel/mmodel/mmodel_00000054.bin
57,OBJ_EVENT_GFX_DUMMY_057,unresolved,complete_public_resource_join,READY_BILLBOARD,16,res/prebuilt/data/mmodel/mmodel/mmodel_00000421.bin,res/prebuilt/data/mmodel/mmodel/mmodel_00000445.bin,res/prebuilt/data/mmodel/mmodel/mmodel_00000055.bin
58,OBJ_EVENT_GFX_DUMMY_058,unresolved,complete_public_resource_join,READY_BILLBOARD,16,res/prebuilt/data/mmodel/mmodel/mmodel_00000421.bin,res/prebuilt/data/mmodel/mmodel/mmodel_00000445.bin,res/prebuilt/data/mmodel/mmodel/mmodel_00000056.bin
59,OBJ_EVENT_GFX_WAITER,human_actor,complete_public_resource_join,READY_BILLBOARD,16,res/prebuilt/data/mmodel/mmodel/mmodel_00000421.bin,res/prebuilt/data/mmodel/mmodel/mmodel_00000445.bin,res/prebuilt/data/mmodel/mmodel/mmodel_00000057.bin
60,OBJ_EVENT_GFX_WAITRESS,human_actor,complete_public_resource_join,READY_BILLBOARD,16,res/prebuilt/data/mmodel/mmodel/mmodel_00000421.bin,res/prebuilt/data/mmodel/mmodel/mmodel_00000445.bin,res/prebuilt/data/mmodel/mmodel/mmodel_00000058.bin
61,OBJ_EVENT_GFX_DUMMY_061,unresolved,complete_public_resource_join,READY_BILLBOARD,16,res/prebuilt/data/mmodel/mmodel/mmodel_00000421.bin,res/prebuilt/data/mmodel/mmodel/mmodel_00000445.bin,res/prebuilt/data/mmodel/mmodel/mmodel_00000059.bin
62,OBJ_EVENT_GFX_RICH_BOY,human_actor,complete_public_resource_join,READY_BILLBOARD,16,res/prebuilt/data/mmodel/mmodel/mmodel_00000421.bin,res/prebuilt/data/mmodel/mmodel/mmodel_00000445.bin,res/prebuilt/data/mmodel/mmodel/mmodel_00000060.bin
63,OBJ_EVENT_GFX_LADY,human_actor,complete_public_resource_join,READY_BILLBOARD,16,res/prebuilt/data/mmodel/mmodel/mmodel_00000421.bin,res/prebuilt/data/mmodel/mmodel/mmodel_00000445.bin,res/prebuilt/data/mmodel/mmodel/mmodel_00000061.bin
64,OBJ_EVENT_GFX_SNOWPOINT_NPC_M,object_or_effect,complete_public_resource_join,READY_BILLBOARD,16,res/prebuilt/data/mmodel/mmodel/mmodel_00000421.bin,res/prebuilt/data/mmodel/mmodel/mmodel_00000445.bin,res/prebuilt/data/mmodel/mmodel/mmodel_00000062.bin
65,OBJ_EVENT_GFX_SNOWPOINT_NPC_F,object_or_effect,complete_public_resource_join,READY_BILLBOARD,16,res/prebuilt/data/mmodel/mmodel/mmodel_00000421.bin,res/prebuilt/data/mmodel/mmodel/mmodel_00000445.bin,res/prebuilt/data/mmodel/mmodel/mmodel_00000063.bin
66,OBJ_EVENT_GFX_DUMMY_066,unresolved,complete_public_resource_join,READY_BILLBOARD,16,res/prebuilt/data/mmodel/mmodel/mmodel_00000421.bin,res/prebuilt/data/mmodel/mmodel/mmodel_00000445.bin,res/prebuilt/data/mmodel/mmodel/mmodel_00000064.bin
67,OBJ_EVENT_GFX_DUMMY_067,unresolved,complete_public_resource_join,READY_BILLBOARD,16,res/prebuilt/data/mmodel/mmodel/mmodel_00000421.bin,res/prebuilt/data/mmodel/mmodel/mmodel_00000445.bin,res/prebuilt/data/mmodel/mmodel/mmodel_00000065.bin
68,OBJ_EVENT_GFX_ACE_TRAINER_SNOW_M,human_actor,complete_public_resource_join,READY_BILLBOARD,16,res/prebuilt/data/mmodel/mmodel/mmodel_00000421.bin,res/prebuilt/data/mmodel/mmodel/mmodel_00000445.bin,res/prebuilt/data/mmodel/mmodel/mmodel_00000066.bin
69,OBJ_EVENT_GFX_ACE_TRAINER_SNOW_F,human_actor,complete_public_resource_join,READY_BILLBOARD,16,res/prebuilt/data/mmodel/mmodel/mmodel_00000421.bin,res/prebuilt/data/mmodel/mmodel/mmodel_00000445.bin,res/prebuilt/data/mmodel/mmodel/mmodel_00000067.bin
70,OBJ_EVENT_GFX_PSYCHIC,unresolved,complete_public_resource_join,READY_BILLBOARD,16,res/prebuilt/data/mmodel/mmodel/mmodel_00000421.bin,res/prebuilt/data/mmodel/mmodel/mmodel_00000445.bin,res/prebuilt/data/mmodel/mmodel/mmodel_00000068.bin
71,OBJ_EVENT_GFX_PIKACHU,unresolved,complete_public_resource_join,READY_BILLBOARD,16,res/prebuilt/data/mmodel/mmodel/mmodel_00000421.bin,res/prebuilt/data/mmodel/mmodel/mmodel_00000445.bin,res/prebuilt/data/mmodel/mmodel/mmodel_00000069.bin
72,OBJ_EVENT_GFX_CLEFAIRY,unresolved,complete_public_resource_join,READY_BILLBOARD,16,res/prebuilt/data/mmodel/mmodel/mmodel_00000421.bin,res/prebuilt/data/mmodel/mmodel/mmodel_00000445.bin,res/prebuilt/data/mmodel/mmodel/mmodel_00000070.bin
73,OBJ_EVENT_GFX_JIGGLYPUFF,unresolved,complete_public_resource_join,READY_BILLBOARD,16,res/prebuilt/data/mmodel/mmodel/mmodel_00000421.bin,res/prebuilt/data/mmodel/mmodel/mmodel_00000445.bin,res/prebuilt/data/mmodel/mmodel/mmodel_00000071.bin
74,OBJ_EVENT_GFX_PSYDUCK,unresolved,complete_public_resource_join,READY_BILLBOARD,16,res/prebuilt/data/mmodel/mmodel/mmodel_00000421.bin,res/prebuilt/data/mmodel/mmodel/mmodel_00000445.bin,res/prebuilt/data/mmodel/mmodel/mmodel_00000072.bin
75,OBJ_EVENT_GFX_DUMMY_075,unresolved,complete_public_resource_join,READY_BILLBOARD,16,res/prebuilt/data/mmodel/mmodel/mmodel_00000421.bin,res/prebuilt/data/mmodel/mmodel/mmodel_00000445.bin,res/prebuilt/data/mmodel/mmodel/mmodel_00000073.bin
76,OBJ_EVENT_GFX_DUMMY_076,unresolved,complete_public_resource_join,READY_BILLBOARD,16,res/prebuilt/data/mmodel/mmodel/mmodel_00000421.bin,res/prebuilt/data/mmodel/mmodel/mmodel_00000445.bin,res/prebuilt/data/mmodel/mmodel/mmodel_00000074.bin
77,OBJ_EVENT_GFX_DUMMY_077,unresolved,complete_public_resource_join,READY_BILLBOARD,16,res/prebuilt/data/mmodel/mmodel/mmodel_00000421.bin,res/prebuilt/data/mmodel/mmodel/mmodel_00000445.bin,res/prebuilt/data/mmodel/mmodel/mmodel_00000075.bin
78,OBJ_EVENT_GFX_TORCHIC,unresolved,complete_public_resource_join,READY_BILLBOARD,16,res/prebuilt/data/mmodel/mmodel/mmodel_00000421.bin,res/prebuilt/data/mmodel/mmodel/mmodel_00000445.bin,res/prebuilt/data/mmodel/mmodel/mmodel_00000076.bin
79,OBJ_EVENT_GFX_SKITTY,unresolved,complete_public_resource_join,READY_BILLBOARD,16,res/prebuilt/data/mmodel/mmodel/mmodel_00000421.bin,res/prebuilt/data/mmodel/mmodel/mmodel_00000445.bin,res/prebuilt/data/mmodel/mmodel/mmodel_00000077.bin
80,OBJ_EVENT_GFX_DUMMY_080,unresolved,complete_public_resource_join,READY_BILLBOARD,16,res/prebuilt/data/mmodel/mmodel/mmodel_00000421.bin,res/prebuilt/data/mmodel/mmodel/mmodel_00000445.bin,res/prebuilt/data/mmodel/mmodel/mmodel_00000078.bin
81,OBJ_EVENT_GFX_BABY_IN_PRAM,unresolved,complete_public_resource_join,READY_BILLBOARD,16,res/prebuilt/data/mmodel/mmodel/mmodel_00000421.bin,res/prebuilt/data/mmodel/mmodel/mmodel_00000445.bin,res/prebuilt/data/mmodel/mmodel/mmodel_00000079.bin
82,OBJ_EVENT_GFX_MIDDLE_AGED_MAN,human_actor,complete_public_resource_join,READY_BILLBOARD,16,res/prebuilt/data/mmodel/mmodel/mmodel_00000421.bin,res/prebuilt/data/mmodel/mmodel/mmodel_00000445.bin,res/prebuilt/data/mmodel/mmodel/mmodel_00000080.bin
83,OBJ_EVENT_GFX_MIDDLE_AGED_WOMAN,human_actor,complete_public_resource_join,READY_BILLBOARD,16,res/prebuilt/data/mmodel/mmodel/mmodel_00000421.bin,res/prebuilt/data/mmodel/mmodel/mmodel_00000445.bin,res/prebuilt/data/mmodel/mmodel/mmodel_00000081.bin
84,OBJ_EVENT_GFX_STRENGTH_BOULDER,unresolved,complete_public_resource_join,METADATA_ONLY,0,res/prebuilt/data/mmodel/mmodel/mmodel_00000422.bin,res/prebuilt/data/mmodel/mmodel/mmodel_00000445.bin,res/prebuilt/data/mmodel/mmodel/mmodel_00000082.bin
85,OBJ_EVENT_GFX_ROCK_SMASH,object_or_effect,complete_public_resource_join,METADATA_ONLY,0,res/prebuilt/data/mmodel/mmodel/mmodel_00000423.bin,res/prebuilt/data/mmodel/mmodel/mmodel_00000445.bin,res/prebuilt/data/mmodel/mmodel/mmodel_00000083.bin
86,OBJ_EVENT_GFX_CUT_TREE,object_or_effect,complete_public_resource_join,METADATA_ONLY,0,res/prebuilt/data/mmodel/mmodel/mmodel_00000421.bin,res/prebuilt/data/mmodel/mmodel/mmodel_00000445.bin,res/prebuilt/data/mmodel/mmodel/mmodel_00000084.bin
87,OBJ_EVENT_GFX_POKEBALL,object_or_effect,complete_public_resource_join,METADATA_ONLY,0,res/prebuilt/data/mmodel/mmodel/mmodel_00000422.bin,res/prebuilt/data/mmodel/mmodel/mmodel_00000445.bin,res/prebuilt/data/mmodel/mmodel/mmodel_00000085.bin
88,OBJ_EVENT_GFX_UNUSED_WOMAN_1,human_actor,complete_public_resource_join,READY_BILLBOARD,16,res/prebuilt/data/mmodel/mmodel/mmodel_00000421.bin,res/prebuilt/data/mmodel/mmodel/mmodel_00000445.bin,res/prebuilt/data/mmodel/mmodel/mmodel_00000086.bin
89,OBJ_EVENT_GFX_UNUSED_WOMAN_2,human_actor,complete_public_resource_join,READY_BILLBOARD,16,res/prebuilt/data/mmodel/mmodel/mmodel_00000421.bin,res/prebuilt/data/mmodel/mmodel/mmodel_00000445.bin,res/prebuilt/data/mmodel/mmodel/mmodel_00000087.bin
90,OBJ_EVENT_GFX_UNUSED_WOMAN_3,human_actor,complete_public_resource_join,READY_BILLBOARD,16,res/prebuilt/data/mmodel/mmodel/mmodel_00000421.bin,res/prebuilt/data/mmodel/mmodel/mmodel_00000445.bin,res/prebuilt/data/mmodel/mmodel/mmodel_00000088.bin
91,OBJ_EVENT_GFX_MAP_SIGNPOST,object_or_effect,incomplete_source_join,METADATA_ONLY,0,,,
92,OBJ_EVENT_GFX_MAILBOX,object_or_effect,incomplete_source_join,METADATA_ONLY,0,,,
93,OBJ_EVENT_GFX_SIGNBOARD,object_or_effect,incomplete_source_join,METADATA_ONLY,0,,,
94,OBJ_EVENT_GFX_ARROW_SIGNPOST,object_or_effect,incomplete_source_join,METADATA_ONLY,0,,,
95,OBJ_EVENT_GFX_GYM_SIGNPOST,object_or_effect,incomplete_source_join,METADATA_ONLY,0,,,
96,OBJ_EVENT_GFX_TRAINER_TIPS_SIGNPOST,object_or_effect,incomplete_source_join,METADATA_ONLY,0,,,
97,OBJ_EVENT_GFX_PLAYER_F,human_actor,complete_public_resource_join,READY_BILLBOARD,32,res/prebuilt/data/mmodel/mmodel/mmodel_00000421.bin,res/prebuilt/data/mmodel/mmodel/mmodel_00000446.bin,res/prebuilt/data/mmodel/mmodel/mmodel_00000091.bin
98,OBJ_EVENT_GFX_PLAYER_F_BIKE,human_actor,complete_public_resource_join,READY_BILLBOARD,24,res/prebuilt/data/mmodel/mmodel/mmodel_00000421.bin,res/prebuilt/data/mmodel/mmodel/mmodel_00000448.bin,res/prebuilt/data/mmodel/mmodel/mmodel_00000093.bin
99,OBJ_EVENT_GFX_PROF_ROWAN,unresolved,complete_public_resource_join,READY_BILLBOARD,16,res/prebuilt/data/mmodel/mmodel/mmodel_00000421.bin,res/prebuilt/data/mmodel/mmodel/mmodel_00000445.bin,res/prebuilt/data/mmodel/mmodel/mmodel_00000094.bin
100,OBJ_EVENT_GFX_BERRY_SOIL,object_or_effect,incomplete_source_join,METADATA_ONLY,0,,,
101,OBJ_EVENT_GFX_VAR_0,unresolved,incomplete_source_join,METADATA_ONLY,0,,,
102,OBJ_EVENT_GFX_VAR_1,unresolved,incomplete_source_join,METADATA_ONLY,0,,,
103,OBJ_EVENT_GFX_VAR_2,unresolved,incomplete_source_join,METADATA_ONLY,0,,,
104,OBJ_EVENT_GFX_VAR_3,unresolved,incomplete_source_join,METADATA_ONLY,0,,,
105,OBJ_EVENT_GFX_VAR_4,unresolved,incomplete_source_join,METADATA_ONLY,0,,,
106,OBJ_EVENT_GFX_VAR_5,unresolved,incomplete_source_join,METADATA_ONLY,0,,,
107,OBJ_EVENT_GFX_VAR_6,unresolved,incomplete_source_join,METADATA_ONLY,0,,,
108,OBJ_EVENT_GFX_VAR_7,unresolved,incomplete_source_join,METADATA_ONLY,0,,,
109,OBJ_EVENT_GFX_VAR_8,unresolved,incomplete_source_join,METADATA_ONLY,0,,,
110,OBJ_EVENT_GFX_VAR_9,unresolved,incomplete_source_join,METADATA_ONLY,0,,,
111,OBJ_EVENT_GFX_VAR_A,unresolved,incomplete_source_join,METADATA_ONLY,0,,,
112,OBJ_EVENT_GFX_VAR_B,unresolved,incomplete_source_join,METADATA_ONLY,0,,,
113,OBJ_EVENT_GFX_VAR_C,unresolved,incomplete_source_join,METADATA_ONLY,0,,,
114,OBJ_EVENT_GFX_VAR_D,unresolved,incomplete_source_join,METADATA_ONLY,0,,,
115,OBJ_EVENT_GFX_VAR_E,unresolved,incomplete_source_join,METADATA_ONLY,0,,,
116,OBJ_EVENT_GFX_VAR_F,unresolved,incomplete_source_join,METADATA_ONLY,0,,,
117,OBJ_EVENT_GFX_UNK_117,unresolved,incomplete_source_join,METADATA_ONLY,0,,,
118,OBJ_EVENT_GFX_SNOWBALL,object_or_effect,incomplete_source_join,METADATA_ONLY,0,,,
119,OBJ_EVENT_GFX_UNK_119,unresolved,incomplete_source_join,METADATA_ONLY,0,,,
120,OBJ_EVENT_GFX_CYRUS,unresolved,complete_public_resource_join,READY_BILLBOARD,16,res/prebuilt/data/mmodel/mmodel/mmodel_00000421.bin,res/prebuilt/data/mmodel/mmodel/mmodel_00000445.bin,res/prebuilt/data/mmodel/mmodel/mmodel_00000099.bin
121,OBJ_EVENT_GFX_MARS,unresolved,complete_public_resource_join,READY_BILLBOARD,16,res/prebuilt/data/mmodel/mmodel/mmodel_00000421.bin,res/prebuilt/data/mmodel/mmodel/mmodel_00000445.bin,res/prebuilt/data/mmodel/mmodel/mmodel_00000100.bin
122,OBJ_EVENT_GFX_SATURN,unresolved,complete_public_resource_join,READY_BILLBOARD,16,res/prebuilt/data/mmodel/mmodel/mmodel_00000421.bin,res/prebuilt/data/mmodel/mmodel/mmodel_00000445.bin,res/prebuilt/data/mmodel/mmodel/mmodel_00000101.bin
123,OBJ_EVENT_GFX_JUPITER,unresolved,complete_public_resource_join,READY_BILLBOARD,16,res/prebuilt/data/mmodel/mmodel/mmodel_00000421.bin,res/prebuilt/data/mmodel/mmodel/mmodel_00000445.bin,res/prebuilt/data/mmodel/mmodel/mmodel_00000102.bin
124,OBJ_EVENT_GFX_GRUNT_M,human_actor,complete_public_resource_join,READY_BILLBOARD,16,res/prebuilt/data/mmodel/mmodel/mmodel_00000421.bin,res/prebuilt/data/mmodel/mmodel/mmodel_00000445.bin,res/prebuilt/data/mmodel/mmodel/mmodel_00000103.bin
125,OBJ_EVENT_GFX_GRUNT_F,human_actor,complete_public_resource_join,READY_BILLBOARD,16,res/prebuilt/data/mmodel/mmodel/mmodel_00000421.bin,res/prebuilt/data/mmodel/mmodel/mmodel_00000445.bin,res/prebuilt/data/mmodel/mmodel/mmodel_00000104.bin
126,OBJ_EVENT_GFX_ROARK,unresolved,complete_public_resource_join,READY_BILLBOARD,16,res/prebuilt/data/mmodel/mmodel/mmodel_00000421.bin,res/prebuilt/data/mmodel/mmodel/mmodel_00000445.bin,res/prebuilt/data/mmodel/mmodel/mmodel_00000105.bin
127,OBJ_EVENT_GFX_GARDENIA,unresolved,complete_public_resource_join,READY_BILLBOARD,16,res/prebuilt/data/mmodel/mmodel/mmodel_00000421.bin,res/prebuilt/data/mmodel/mmodel/mmodel_00000445.bin,res/prebuilt/data/mmodel/mmodel/mmodel_00000106.bin
128,OBJ_EVENT_GFX_CRASHER_WAKE,unresolved,complete_public_resource_join,READY_BILLBOARD,16,res/prebuilt/data/mmodel/mmodel/mmodel_00000421.bin,res/prebuilt/data/mmodel/mmodel/mmodel_00000445.bin,res/prebuilt/data/mmodel/mmodel/mmodel_00000107.bin
129,OBJ_EVENT_GFX_MAYLENE,unresolved,complete_public_resource_join,READY_BILLBOARD,16,res/prebuilt/data/mmodel/mmodel/mmodel_00000421.bin,res/prebuilt/data/mmodel/mmodel/mmodel_00000445.bin,res/prebuilt/data/mmodel/mmodel/mmodel_00000108.bin
130,OBJ_EVENT_GFX_FANTINA,unresolved,complete_public_resource_join,READY_BILLBOARD,16,res/prebuilt/data/mmodel/mmodel/mmodel_00000421.bin,res/prebuilt/data/mmodel/mmodel/mmodel_00000445.bin,res/prebuilt/data/mmodel/mmodel/mmodel_00000109.bin
131,OBJ_EVENT_GFX_CANDICE,unresolved,complete_public_resource_join,READY_BILLBOARD,16,res/prebuilt/data/mmodel/mmodel/mmodel_00000421.bin,res/prebuilt/data/mmodel/mmodel/mmodel_00000445.bin,res/prebuilt/data/mmodel/mmodel/mmodel_00000110.bin
132,OBJ_EVENT_GFX_BYRON,unresolved,complete_public_resource_join,READY_BILLBOARD,16,res/prebuilt/data/mmodel/mmodel/mmodel_00000421.bin,res/prebuilt/data/mmodel/mmodel/mmodel_00000445.bin,res/prebuilt/data/mmodel/mmodel/mmodel_00000111.bin
133,OBJ_EVENT_GFX_VOLKNER,unresolved,complete_public_resource_join,READY_BILLBOARD,16,res/prebuilt/data/mmodel/mmodel/mmodel_00000421.bin,res/prebuilt/data/mmodel/mmodel/mmodel_00000445.bin,res/prebuilt/data/mmodel/mmodel/mmodel_00000112.bin
134,OBJ_EVENT_GFX_AARON,unresolved,complete_public_resource_join,READY_BILLBOARD,16,res/prebuilt/data/mmodel/mmodel/mmodel_00000421.bin,res/prebuilt/data/mmodel/mmodel/mmodel_00000445.bin,res/prebuilt/data/mmodel/mmodel/mmodel_00000113.bin
135,OBJ_EVENT_GFX_BERTHA,unresolved,complete_public_resource_join,READY_BILLBOARD,16,res/prebuilt/data/mmodel/mmodel/mmodel_00000421.bin,res/prebuilt/data/mmodel/mmodel/mmodel_00000445.bin,res/prebuilt/data/mmodel/mmodel/mmodel_00000114.bin
136,OBJ_EVENT_GFX_FLINT,unresolved,complete_public_resource_join,READY_BILLBOARD,16,res/prebuilt/data/mmodel/mmodel/mmodel_00000421.bin,res/prebuilt/data/mmodel/mmodel/mmodel_00000445.bin,res/prebuilt/data/mmodel/mmodel/mmodel_00000115.bin
137,OBJ_EVENT_GFX_LUCIAN,unresolved,complete_public_resource_join,READY_BILLBOARD,16,res/prebuilt/data/mmodel/mmodel/mmodel_00000421.bin,res/prebuilt/data/mmodel/mmodel/mmodel_00000445.bin,res/prebuilt/data/mmodel/mmodel/mmodel_00000116.bin
138,OBJ_EVENT_GFX_CYNTHIA,unresolved,complete_public_resource_join,READY_BILLBOARD,16,res/prebuilt/data/mmodel/mmodel/mmodel_00000421.bin,res/prebuilt/data/mmodel/mmodel/mmodel_00000445.bin,res/prebuilt/data/mmodel/mmodel/mmodel_00000117.bin
139,OBJ_EVENT_GFX_UNUSED_MAN,human_actor,complete_public_resource_join,READY_BILLBOARD,16,res/prebuilt/data/mmodel/mmodel/mmodel_00000421.bin,res/prebuilt/data/mmodel/mmodel/mmodel_00000445.bin,res/prebuilt/data/mmodel/mmodel/mmodel_00000118.bin
140,OBJ_EVENT_GFX_MOM,unresolved,complete_public_resource_join,READY_BILLBOARD,16,res/prebuilt/data/mmodel/mmodel/mmodel_00000421.bin,res/prebuilt/data/mmodel/mmodel/mmodel_00000445.bin,res/prebuilt/data/mmodel/mmodel/mmodel_00000119.bin
141,OBJ_EVENT_GFX_CHERYL,unresolved,complete_public_resource_join,READY_BILLBOARD,16,res/prebuilt/data/mmodel/mmodel/mmodel_00000421.bin,res/prebuilt/data/mmodel/mmodel/mmodel_00000445.bin,res/prebuilt/data/mmodel/mmodel/mmodel_00000120.bin
142,OBJ_EVENT_GFX_RILEY,unresolved,complete_public_resource_join,READY_BILLBOARD,16,res/prebuilt/data/mmodel/mmodel/mmodel_00000421.bin,res/prebuilt/data/mmodel/mmodel/mmodel_00000445.bin,res/prebuilt/data/mmodel/mmodel/mmodel_00000121.bin
143,OBJ_EVENT_GFX_MARLEY,unresolved,complete_public_resource_join,READY_BILLBOARD,16,res/prebuilt/data/mmodel/mmodel/mmodel_00000421.bin,res/prebuilt/data/mmodel/mmodel/mmodel_00000445.bin,res/prebuilt/data/mmodel/mmodel/mmodel_00000122.bin
144,OBJ_EVENT_GFX_BUCK,unresolved,complete_public_resource_join,READY_BILLBOARD,16,res/prebuilt/data/mmodel/mmodel/mmodel_00000421.bin,res/prebuilt/data/mmodel/mmodel/mmodel_00000445.bin,res/prebuilt/data/mmodel/mmodel/mmodel_00000123.bin
145,OBJ_EVENT_GFX_MIRA,unresolved,complete_public_resource_join,READY_BILLBOARD,16,res/prebuilt/data/mmodel/mmodel/mmodel_00000421.bin,res/prebuilt/data/mmodel/mmodel/mmodel_00000445.bin,res/prebuilt/data/mmodel/mmodel/mmodel_00000124.bin
146,OBJ_EVENT_GFX_DUMMY_146,unresolved,complete_public_resource_join,READY_BILLBOARD,16,res/prebuilt/data/mmodel/mmodel/mmodel_00000421.bin,res/prebuilt/data/mmodel/mmodel/mmodel_00000445.bin,res/prebuilt/data/mmodel/mmodel/mmodel_00000125.bin
147,OBJ_EVENT_GFX_DUMMY_147,unresolved,complete_public_resource_join,READY_BILLBOARD,16,res/prebuilt/data/mmodel/mmodel/mmodel_00000421.bin,res/prebuilt/data/mmodel/mmodel/mmodel_00000445.bin,res/prebuilt/data/mmodel/mmodel/mmodel_00000126.bin
148,OBJ_EVENT_GFX_BARRY,unresolved,complete_public_resource_join,READY_BILLBOARD,16,res/prebuilt/data/mmodel/mmodel/mmodel_00000421.bin,res/prebuilt/data/mmodel/mmodel/mmodel_00000445.bin,res/prebuilt/data/mmodel/mmodel/mmodel_00000127.bin
149,OBJ_EVENT_GFX_UNUSED_BIG_MAN_1,human_actor,complete_public_resource_join,READY_BILLBOARD,16,res/prebuilt/data/mmodel/mmodel/mmodel_00000421.bin,res/prebuilt/data/mmodel/mmodel/mmodel_00000445.bin,res/prebuilt/data/mmodel/mmodel/mmodel_00000128.bin
150,OBJ_EVENT_GFX_UNUSED_BIG_MAN_2,human_actor,complete_public_resource_join,READY_BILLBOARD,16,res/prebuilt/data/mmodel/mmodel/mmodel_00000421.bin,res/prebuilt/data/mmodel/mmodel/mmodel_00000445.bin,res/prebuilt/data/mmodel/mmodel/mmodel_00000129.bin
151,OBJ_EVENT_GFX_UXIE,unresolved,complete_public_resource_join,READY_BILLBOARD,2,res/prebuilt/data/mmodel/mmodel/mmodel_00000421.bin,res/prebuilt/data/mmodel/mmodel/mmodel_00000453.bin,res/prebuilt/data/mmodel/mmodel/mmodel_00000130.bin
152,OBJ_EVENT_GFX_MESPRIT,unresolved,complete_public_resource_join,READY_BILLBOARD,2,res/prebuilt/data/mmodel/mmodel/mmodel_00000421.bin,res/prebuilt/data/mmodel/mmodel/mmodel_00000453.bin,res/prebuilt/data/mmodel/mmodel/mmodel_00000131.bin
153,OBJ_EVENT_GFX_AZELF,unresolved,complete_public_resource_join,READY_BILLBOARD,2,res/prebuilt/data/mmodel/mmodel/mmodel_00000421.bin,res/prebuilt/data/mmodel/mmodel/mmodel_00000453.bin,res/prebuilt/data/mmodel/mmodel/mmodel_00000132.bin
154,OBJ_EVENT_GFX_DIALGA,unresolved,complete_public_resource_join,READY_BILLBOARD,2,res/prebuilt/data/mmodel/mmodel/mmodel_00000428.bin,res/prebuilt/data/mmodel/mmodel/mmodel_00000453.bin,res/prebuilt/data/mmodel/mmodel/mmodel_00000133.bin
155,OBJ_EVENT_GFX_PALKIA,unresolved,complete_public_resource_join,READY_BILLBOARD,2,res/prebuilt/data/mmodel/mmodel/mmodel_00000428.bin,res/prebuilt/data/mmodel/mmodel/mmodel_00000453.bin,res/prebuilt/data/mmodel/mmodel/mmodel_00000134.bin
156,OBJ_EVENT_GFX_ARCEUS,unresolved,complete_public_resource_join,READY_BILLBOARD,2,res/prebuilt/data/mmodel/mmodel/mmodel_00000428.bin,res/prebuilt/data/mmodel/mmodel/mmodel_00000461.bin,res/prebuilt/data/mmodel/mmodel/mmodel_00000135.bin
157,OBJ_EVENT_GFX_DARKRAI,unresolved,complete_public_resource_join,READY_BILLBOARD,2,res/prebuilt/data/mmodel/mmodel/mmodel_00000421.bin,res/prebuilt/data/mmodel/mmodel/mmodel_00000462.bin,res/prebuilt/data/mmodel/mmodel/mmodel_00000136.bin
158,OBJ_EVENT_GFX_SHAYMIN,unresolved,complete_public_resource_join,READY_BILLBOARD,16,res/prebuilt/data/mmodel/mmodel/mmodel_00000421.bin,res/prebuilt/data/mmodel/mmodel/mmodel_00000445.bin,res/prebuilt/data/mmodel/mmodel/mmodel_00000137.bin
159,OBJ_EVENT_GFX_CRESSELIA,unresolved,complete_public_resource_join,READY_BILLBOARD,2,res/prebuilt/data/mmodel/mmodel/mmodel_00000421.bin,res/prebuilt/data/mmodel/mmodel/mmodel_00000463.bin,res/prebuilt/data/mmodel/mmodel/mmodel_00000138.bin
160,OBJ_EVENT_GFX_GIRATINA_ALTERED,unresolved,complete_public_resource_join,READY_BILLBOARD,2,res/prebuilt/data/mmodel/mmodel/mmodel_00000428.bin,res/prebuilt/data/mmodel/mmodel/mmodel_00000464.bin,res/prebuilt/data/mmodel/mmodel/mmodel_00000139.bin
161,OBJ_EVENT_GFX_HEATRAN,unresolved,complete_public_resource_join,READY_BILLBOARD,2,res/prebuilt/data/mmodel/mmodel/mmodel_00000421.bin,res/prebuilt/data/mmodel/mmodel/mmodel_00000465.bin,res/prebuilt/data/mmodel/mmodel/mmodel_00000140.bin
162,OBJ_EVENT_GFX_DUMMY_162,unresolved,complete_public_resource_join,READY_BILLBOARD,16,res/prebuilt/data/mmodel/mmodel/mmodel_00000421.bin,res/prebuilt/data/mmodel/mmodel/mmodel_00000445.bin,res/prebuilt/data/mmodel/mmodel/mmodel_00000141.bin
163,OBJ_EVENT_GFX_RECEPTIONIST,human_actor,complete_public_resource_join,READY_BILLBOARD,16,res/prebuilt/data/mmodel/mmodel/mmodel_00000421.bin,res/prebuilt/data/mmodel/mmodel/mmodel_00000445.bin,res/prebuilt/data/mmodel/mmodel/mmodel_00000142.bin
164,OBJ_EVENT_GFX_OLD_MAN,human_actor,complete_public_resource_join,READY_BILLBOARD,16,res/prebuilt/data/mmodel/mmodel/mmodel_00000421.bin,res/prebuilt/data/mmodel/mmodel/mmodel_00000445.bin,res/prebuilt/data/mmodel/mmodel/mmodel_00000143.bin
165,OBJ_EVENT_GFX_OLD_WOMAN,human_actor,complete_public_resource_join,READY_BILLBOARD,16,res/prebuilt/data/mmodel/mmodel/mmodel_00000421.bin,res/prebuilt/data/mmodel/mmodel/mmodel_00000445.bin,res/prebuilt/data/mmodel/mmodel/mmodel_00000144.bin
166,OBJ_EVENT_GFX_PROF_OAK,unresolved,complete_public_resource_join,READY_BILLBOARD,16,res/prebuilt/data/mmodel/mmodel/mmodel_00000421.bin,res/prebuilt/data/mmodel/mmodel/mmodel_00000445.bin,res/prebuilt/data/mmodel/mmodel/mmodel_00000145.bin
167,OBJ_EVENT_GFX_JASMINE,unresolved,complete_public_resource_join,READY_BILLBOARD,16,res/prebuilt/data/mmodel/mmodel/mmodel_00000421.bin,res/prebuilt/data/mmodel/mmodel/mmodel_00000445.bin,res/prebuilt/data/mmodel/mmodel/mmodel_00000146.bin
168,OBJ_EVENT_GFX_GYM_GUIDE,unresolved,complete_public_resource_join,READY_BILLBOARD,16,res/prebuilt/data/mmodel/mmodel/mmodel_00000421.bin,res/prebuilt/data/mmodel/mmodel/mmodel_00000445.bin,res/prebuilt/data/mmodel/mmodel/mmodel_00000147.bin
169,OBJ_EVENT_GFX_PALMER,unresolved,complete_public_resource_join,READY_BILLBOARD,16,res/prebuilt/data/mmodel/mmodel/mmodel_00000421.bin,res/prebuilt/data/mmodel/mmodel/mmodel_00000445.bin,res/prebuilt/data/mmodel/mmodel/mmodel_00000148.bin
170,OBJ_EVENT_GFX_UNUSED_BIG_MAN_3,human_actor,complete_public_resource_join,READY_BILLBOARD,16,res/prebuilt/data/mmodel/mmodel/mmodel_00000421.bin,res/prebuilt/data/mmodel/mmodel/mmodel_00000445.bin,res/prebuilt/data/mmodel/mmodel/mmodel_00000149.bin
171,OBJ_EVENT_GFX_UNUSED_BIG_MAN_4,human_actor,complete_public_resource_join,READY_BILLBOARD,16,res/prebuilt/data/mmodel/mmodel/mmodel_00000421.bin,res/prebuilt/data/mmodel/mmodel/mmodel_00000445.bin,res/prebuilt/data/mmodel/mmodel/mmodel_00000150.bin
172,OBJ_EVENT_GFX_UNUSED_BIG_MAN_5,human_actor,complete_public_resource_join,READY_BILLBOARD,16,res/prebuilt/data/mmodel/mmodel/mmodel_00000421.bin,res/prebuilt/data/mmodel/mmodel/mmodel_00000445.bin,res/prebuilt/data/mmodel/mmodel/mmodel_00000151.bin
173,OBJ_EVENT_GFX_STARLY,unresolved,complete_public_resource_join,READY_BILLBOARD,4,res/prebuilt/data/mmodel/mmodel/mmodel_00000421.bin,res/prebuilt/data/mmodel/mmodel/mmodel_00000452.bin,res/prebuilt/data/mmodel/mmodel/mmodel_00000152.bin
174,OBJ_EVENT_GFX_BRIEFCASE,unresolved,complete_public_resource_join,METADATA_ONLY,0,res/prebuilt/data/mmodel/mmodel/mmodel_00000421.bin,res/prebuilt/data/mmodel/mmodel/mmodel_00000445.bin,res/prebuilt/data/mmodel/mmodel/mmodel_00000153.bin
175,OBJ_EVENT_GFX_MAID,human_actor,complete_public_resource_join,READY_BILLBOARD,16,res/prebuilt/data/mmodel/mmodel/mmodel_00000421.bin,res/prebuilt/data/mmodel/mmodel/mmodel_00000445.bin,res/prebuilt/data/mmodel/mmodel/mmodel_00000154.bin
176,OBJ_EVENT_GFX_PLAYER_M_HOLDING_POKE_BALL,object_or_effect,complete_public_resource_join,READY_BILLBOARD,3,res/prebuilt/data/mmodel/mmodel/mmodel_00000421.bin,res/prebuilt/data/mmodel/mmodel/mmodel_00000449.bin,res/prebuilt/data/mmodel/mmodel/mmodel_00000155.bin
177,OBJ_EVENT_GFX_PLAYER_F_HOLDING_POKE_BALL,object_or_effect,complete_public_resource_join,READY_BILLBOARD,3,res/prebuilt/data/mmodel/mmodel/mmodel_00000421.bin,res/prebuilt/data/mmodel/mmodel/mmodel_00000449.bin,res/prebuilt/data/mmodel/mmodel/mmodel_00000156.bin
178,OBJ_EVENT_GFX_PLAYER_M_SURF,human_actor,complete_public_resource_join,READY_BILLBOARD,4,res/prebuilt/data/mmodel/mmodel/mmodel_00000421.bin,res/prebuilt/data/mmodel/mmodel/mmodel_00000451.bin,res/prebuilt/data/mmodel/mmodel/mmodel_00000159.bin
179,OBJ_EVENT_GFX_PLAYER_F_SURF,human_actor,complete_public_resource_join,READY_BILLBOARD,4,res/prebuilt/data/mmodel/mmodel/mmodel_00000421.bin,res/prebuilt/data/mmodel/mmodel/mmodel_00000451.bin,res/prebuilt/data/mmodel/mmodel/mmodel_00000160.bin
180,OBJ_EVENT_GFX_PLAYER_M_SPRAYDUCK,human_actor,complete_public_resource_join,READY_BILLBOARD,7,res/prebuilt/data/mmodel/mmodel/mmodel_00000421.bin,res/prebuilt/data/mmodel/mmodel/mmodel_00000450.bin,res/prebuilt/data/mmodel/mmodel/mmodel_00000157.bin
181,OBJ_EVENT_GFX_PLAYER_F_SPRAYDUCK,human_actor,complete_public_resource_join,READY_BILLBOARD,7,res/prebuilt/data/mmodel/mmodel/mmodel_00000421.bin,res/prebuilt/data/mmodel/mmodel/mmodel_00000450.bin,res/prebuilt/data/mmodel/mmodel/mmodel_00000158.bin
182,OBJ_EVENT_GFX_VENT,object_or_effect,complete_public_resource_join,METADATA_ONLY,0,res/prebuilt/data/mmodel/mmodel/mmodel_00000421.bin,res/prebuilt/data/mmodel/mmodel/mmodel_00000445.bin,res/prebuilt/data/mmodel/mmodel/mmodel_00000161.bin
183,OBJ_EVENT_GFX_BOOK,object_or_effect,incomplete_source_join,METADATA_ONLY,0,,,
184,OBJ_EVENT_GFX_REGIGIGAS,unresolved,complete_public_resource_join,METADATA_ONLY,0,res/prebuilt/data/mmodel/mmodel/mmodel_00000428.bin,res/prebuilt/data/mmodel/mmodel/mmodel_00000445.bin,res/prebuilt/data/mmodel/mmodel/mmodel_00000162.bin
185,OBJ_EVENT_GFX_DRIFLOON,unresolved,complete_public_resource_join,READY_BILLBOARD,16,res/prebuilt/data/mmodel/mmodel/mmodel_00000421.bin,res/prebuilt/data/mmodel/mmodel/mmodel_00000445.bin,res/prebuilt/data/mmodel/mmodel/mmodel_00000163.bin
186,OBJ_EVENT_GFX_PLAYER_M_CONTEST,human_actor,complete_public_resource_join,READY_BILLBOARD,16,res/prebuilt/data/mmodel/mmodel/mmodel_00000421.bin,res/prebuilt/data/mmodel/mmodel/mmodel_00000454.bin,res/prebuilt/data/mmodel/mmodel/mmodel_00000164.bin
187,OBJ_EVENT_GFX_PLAYER_F_CONTEST,human_actor,complete_public_resource_join,READY_BILLBOARD,16,res/prebuilt/data/mmodel/mmodel/mmodel_00000421.bin,res/prebuilt/data/mmodel/mmodel/mmodel_00000454.bin,res/prebuilt/data/mmodel/mmodel/mmodel_00000165.bin
188,OBJ_EVENT_GFX_PLAYER_M_FISHING,human_actor,complete_public_resource_join,READY_BILLBOARD,16,res/prebuilt/data/mmodel/mmodel/mmodel_00000435.bin,res/prebuilt/data/mmodel/mmodel/mmodel_00000455.bin,res/prebuilt/data/mmodel/mmodel/mmodel_00000166.bin
189,OBJ_EVENT_GFX_PLAYER_F_FISHING,human_actor,complete_public_resource_join,READY_BILLBOARD,16,res/prebuilt/data/mmodel/mmodel/mmodel_00000435.bin,res/prebuilt/data/mmodel/mmodel/mmodel_00000455.bin,res/prebuilt/data/mmodel/mmodel/mmodel_00000167.bin
190,OBJ_EVENT_GFX_MOSS_ROCK,object_or_effect,complete_public_resource_join,METADATA_ONLY,0,res/prebuilt/data/mmodel/mmodel/mmodel_00000422.bin,res/prebuilt/data/mmodel/mmodel/mmodel_00000445.bin,res/prebuilt/data/mmodel/mmodel/mmodel_00000168.bin
191,OBJ_EVENT_GFX_ICE_ROCK,object_or_effect,complete_public_resource_join,METADATA_ONLY,0,res/prebuilt/data/mmodel/mmodel/mmodel_00000422.bin,res/prebuilt/data/mmodel/mmodel/mmodel_00000445.bin,res/prebuilt/data/mmodel/mmodel/mmodel_00000169.bin
192,OBJ_EVENT_GFX_BOLLARD,unresolved,complete_public_resource_join,METADATA_ONLY,0,res/prebuilt/data/mmodel/mmodel/mmodel_00000421.bin,res/prebuilt/data/mmodel/mmodel/mmodel_00000445.bin,res/prebuilt/data/mmodel/mmodel/mmodel_00000170.bin
193,OBJ_EVENT_GFX_MYSTERY_GIFT_DELIVERYMAN,human_actor,complete_public_resource_join,READY_BILLBOARD,16,res/prebuilt/data/mmodel/mmodel/mmodel_00000421.bin,res/prebuilt/data/mmodel/mmodel/mmodel_00000445.bin,res/prebuilt/data/mmodel/mmodel/mmodel_00000361.bin
194,OBJ_EVENT_GFX_KID_WITH_NDS,human_actor,complete_public_resource_join,READY_BILLBOARD,16,res/prebuilt/data/mmodel/mmodel/mmodel_00000421.bin,res/prebuilt/data/mmodel/mmodel/mmodel_00000445.bin,res/prebuilt/data/mmodel/mmodel/mmodel_00000360.bin
195,OBJ_EVENT_GFX_MAGIKARP,unresolved,complete_public_resource_join,READY_BILLBOARD,2,res/prebuilt/data/mmodel/mmodel/mmodel_00000421.bin,res/prebuilt/data/mmodel/mmodel/mmodel_00000457.bin,res/prebuilt/data/mmodel/mmodel/mmodel_00000362.bin
196,OBJ_EVENT_GFX_PLAYER_M_POKETCH,human_actor,complete_public_resource_join,READY_BILLBOARD,12,res/prebuilt/data/mmodel/mmodel/mmodel_00000421.bin,res/prebuilt/data/mmodel/mmodel/mmodel_00000458.bin,res/prebuilt/data/mmodel/mmodel/mmodel_00000363.bin
197,OBJ_EVENT_GFX_PLAYER_F_POKETCH,human_actor,complete_public_resource_join,READY_BILLBOARD,12,res/prebuilt/data/mmodel/mmodel/mmodel_00000421.bin,res/prebuilt/data/mmodel/mmodel/mmodel_00000458.bin,res/prebuilt/data/mmodel/mmodel/mmodel_00000364.bin
198,OBJ_EVENT_GFX_PLAYER_M_SAVE,human_actor,complete_public_resource_join,READY_BILLBOARD,2,res/prebuilt/data/mmodel/mmodel/mmodel_00000421.bin,res/prebuilt/data/mmodel/mmodel/mmodel_00000459.bin,res/prebuilt/data/mmodel/mmodel/mmodel_00000365.bin
199,OBJ_EVENT_GFX_PLAYER_F_SAVE,human_actor,complete_public_resource_join,READY_BILLBOARD,2,res/prebuilt/data/mmodel/mmodel/mmodel_00000421.bin,res/prebuilt/data/mmodel/mmodel/mmodel_00000459.bin,res/prebuilt/data/mmodel/mmodel/mmodel_00000366.bin
200,OBJ_EVENT_GFX_UNK_200,unresolved,complete_public_resource_join,READY_BILLBOARD,12,res/prebuilt/data/mmodel/mmodel/mmodel_00000421.bin,res/prebuilt/data/mmodel/mmodel/mmodel_00000460.bin,res/prebuilt/data/mmodel/mmodel/mmodel_00000367.bin
201,OBJ_EVENT_GFX_UNK_201,unresolved,complete_public_resource_join,READY_BILLBOARD,12,res/prebuilt/data/mmodel/mmodel/mmodel_00000421.bin,res/prebuilt/data/mmodel/mmodel/mmodel_00000460.bin,res/prebuilt/data/mmodel/mmodel/mmodel_00000368.bin
202,OBJ_EVENT_GFX_GALACTIC_HQ_DOOR,object_or_effect,complete_public_resource_join,METADATA_ONLY,0,res/prebuilt/data/mmodel/mmodel/mmodel_00000436.bin,res/prebuilt/data/mmodel/mmodel/mmodel_00000445.bin,res/prebuilt/data/mmodel/mmodel/mmodel_00000369.bin
203,OBJ_EVENT_GFX_CAVE_PAINTING,unresolved,complete_public_resource_join,METADATA_ONLY,0,res/prebuilt/data/mmodel/mmodel/mmodel_00000437.bin,res/prebuilt/data/mmodel/mmodel/mmodel_00000445.bin,res/prebuilt/data/mmodel/mmodel/mmodel_00000370.bin
204,OBJ_EVENT_GFX_PACHIRISU,unresolved,complete_public_resource_join,READY_BILLBOARD,16,res/prebuilt/data/mmodel/mmodel/mmodel_00000421.bin,res/prebuilt/data/mmodel/mmodel/mmodel_00000445.bin,res/prebuilt/data/mmodel/mmodel/mmodel_00000371.bin
205,OBJ_EVENT_GFX_SHROOMISH,unresolved,complete_public_resource_join,READY_BILLBOARD,16,res/prebuilt/data/mmodel/mmodel/mmodel_00000421.bin,res/prebuilt/data/mmodel/mmodel/mmodel_00000445.bin,res/prebuilt/data/mmodel/mmodel/mmodel_00000372.bin
206,OBJ_EVENT_GFX_BUNEARY,unresolved,complete_public_resource_join,READY_BILLBOARD,16,res/prebuilt/data/mmodel/mmodel/mmodel_00000421.bin,res/prebuilt/data/mmodel/mmodel/mmodel_00000445.bin,res/prebuilt/data/mmodel/mmodel/mmodel_00000373.bin
207,OBJ_EVENT_GFX_HAPPINY,unresolved,complete_public_resource_join,READY_BILLBOARD,16,res/prebuilt/data/mmodel/mmodel/mmodel_00000421.bin,res/prebuilt/data/mmodel/mmodel/mmodel_00000445.bin,res/prebuilt/data/mmodel/mmodel/mmodel_00000374.bin
208,OBJ_EVENT_GFX_MACHOP,unresolved,complete_public_resource_join,READY_BILLBOARD,16,res/prebuilt/data/mmodel/mmodel/mmodel_00000421.bin,res/prebuilt/data/mmodel/mmodel/mmodel_00000445.bin,res/prebuilt/data/mmodel/mmodel/mmodel_00000375.bin
209,OBJ_EVENT_GFX_ELITE_FOUR_ROOM_DOOR,object_or_effect,incomplete_source_join,METADATA_ONLY,0,,,
210,OBJ_EVENT_GFX_PLAYER_M_HEARTHOME_GYM,human_actor,complete_public_resource_join,READY_BILLBOARD,32,res/prebuilt/data/mmodel/mmodel/mmodel_00000421.bin,res/prebuilt/data/mmodel/mmodel/mmodel_00000446.bin,res/prebuilt/data/mmodel/mmodel/mmodel_00000090.bin
211,OBJ_EVENT_GFX_PLAYER_F_HEARTHOME_GYM,human_actor,complete_public_resource_join,READY_BILLBOARD,32,res/prebuilt/data/mmodel/mmodel/mmodel_00000421.bin,res/prebuilt/data/mmodel/mmodel/mmodel_00000446.bin,res/prebuilt/data/mmodel/mmodel/mmodel_00000091.bin
212,OBJ_EVENT_GFX_DIST_WORLD_PLAYER_M,human_actor,complete_public_resource_join,READY_BILLBOARD,32,res/prebuilt/data/mmodel/mmodel/mmodel_00000439.bin,res/prebuilt/data/mmodel/mmodel/mmodel_00000446.bin,res/prebuilt/data/mmodel/mmodel/mmodel_00000090.bin
213,OBJ_EVENT_GFX_LOOKER,unresolved,complete_public_resource_join,READY_BILLBOARD,16,res/prebuilt/data/mmodel/mmodel/mmodel_00000421.bin,res/prebuilt/data/mmodel/mmodel/mmodel_00000445.bin,res/prebuilt/data/mmodel/mmodel/mmodel_00000376.bin
214,OBJ_EVENT_GFX_CHARON,unresolved,complete_public_resource_join,READY_BILLBOARD,16,res/prebuilt/data/mmodel/mmodel/mmodel_00000421.bin,res/prebuilt/data/mmodel/mmodel/mmodel_00000445.bin,res/prebuilt/data/mmodel/mmodel/mmodel_00000377.bin
215,OBJ_EVENT_GFX_THORTON,unresolved,complete_public_resource_join,READY_BILLBOARD,16,res/prebuilt/data/mmodel/mmodel/mmodel_00000421.bin,res/prebuilt/data/mmodel/mmodel/mmodel_00000445.bin,res/prebuilt/data/mmodel/mmodel/mmodel_00000378.bin
216,OBJ_EVENT_GFX_ARGENTA,unresolved,complete_public_resource_join,READY_BILLBOARD,16,res/prebuilt/data/mmodel/mmodel/mmodel_00000421.bin,res/prebuilt/data/mmodel/mmodel/mmodel_00000445.bin,res/prebuilt/data/mmodel/mmodel/mmodel_00000379.bin
217,OBJ_EVENT_GFX_DARACH,unresolved,complete_public_resource_join,READY_BILLBOARD,16,res/prebuilt/data/mmodel/mmodel/mmodel_00000421.bin,res/prebuilt/data/mmodel/mmodel/mmodel_00000445.bin,res/prebuilt/data/mmodel/mmodel/mmodel_00000380.bin
218,OBJ_EVENT_GFX_DAHLIA,unresolved,complete_public_resource_join,READY_BILLBOARD,16,res/prebuilt/data/mmodel/mmodel/mmodel_00000421.bin,res/prebuilt/data/mmodel/mmodel/mmodel_00000445.bin,res/prebuilt/data/mmodel/mmodel/mmodel_00000381.bin
219,OBJ_EVENT_GFX_CAITLIN,unresolved,complete_public_resource_join,READY_BILLBOARD,16,res/prebuilt/data/mmodel/mmodel/mmodel_00000421.bin,res/prebuilt/data/mmodel/mmodel/mmodel_00000445.bin,res/prebuilt/data/mmodel/mmodel/mmodel_00000382.bin
220,OBJ_EVENT_GFX_TURTWIG,unresolved,complete_public_resource_join,READY_BILLBOARD,16,res/prebuilt/data/mmodel/mmodel/mmodel_00000421.bin,res/prebuilt/data/mmodel/mmodel/mmodel_00000445.bin,res/prebuilt/data/mmodel/mmodel/mmodel_00000383.bin
221,OBJ_EVENT_GFX_GROTLE,unresolved,complete_public_resource_join,READY_BILLBOARD,16,res/prebuilt/data/mmodel/mmodel/mmodel_00000421.bin,res/prebuilt/data/mmodel/mmodel/mmodel_00000445.bin,res/prebuilt/data/mmodel/mmodel/mmodel_00000384.bin
222,OBJ_EVENT_GFX_TORTERRA,unresolved,complete_public_resource_join,READY_BILLBOARD,16,res/prebuilt/data/mmodel/mmodel/mmodel_00000421.bin,res/prebuilt/data/mmodel/mmodel/mmodel_00000445.bin,res/prebuilt/data/mmodel/mmodel/mmodel_00000385.bin
223,OBJ_EVENT_GFX_CHIMCHAR,unresolved,complete_public_resource_join,READY_BILLBOARD,16,res/prebuilt/data/mmodel/mmodel/mmodel_00000421.bin,res/prebuilt/data/mmodel/mmodel/mmodel_00000445.bin,res/prebuilt/data/mmodel/mmodel/mmodel_00000386.bin
224,OBJ_EVENT_GFX_MONFERNO,unresolved,complete_public_resource_join,READY_BILLBOARD,16,res/prebuilt/data/mmodel/mmodel/mmodel_00000421.bin,res/prebuilt/data/mmodel/mmodel/mmodel_00000445.bin,res/prebuilt/data/mmodel/mmodel/mmodel_00000387.bin
225,OBJ_EVENT_GFX_INFERNAPE,unresolved,complete_public_resource_join,READY_BILLBOARD,16,res/prebuilt/data/mmodel/mmodel/mmodel_00000421.bin,res/prebuilt/data/mmodel/mmodel/mmodel_00000445.bin,res/prebuilt/data/mmodel/mmodel/mmodel_00000388.bin
226,OBJ_EVENT_GFX_PIPLUP,unresolved,complete_public_resource_join,READY_BILLBOARD,16,res/prebuilt/data/mmodel/mmodel/mmodel_00000421.bin,res/prebuilt/data/mmodel/mmodel/mmodel_00000445.bin,res/prebuilt/data/mmodel/mmodel/mmodel_00000389.bin
227,OBJ_EVENT_GFX_PRINPLUP,unresolved,complete_public_resource_join,READY_BILLBOARD,16,res/prebuilt/data/mmodel/mmodel/mmodel_00000421.bin,res/prebuilt/data/mmodel/mmodel/mmodel_00000445.bin,res/prebuilt/data/mmodel/mmodel/mmodel_00000390.bin
228,OBJ_EVENT_GFX_EMPOLEON,unresolved,complete_public_resource_join,READY_BILLBOARD,16,res/prebuilt/data/mmodel/mmodel/mmodel_00000421.bin,res/prebuilt/data/mmodel/mmodel/mmodel_00000445.bin,res/prebuilt/data/mmodel/mmodel/mmodel_00000391.bin
229,OBJ_EVENT_GFX_CROAGUNK,unresolved,complete_public_resource_join,READY_BILLBOARD,16,res/prebuilt/data/mmodel/mmodel/mmodel_00000421.bin,res/prebuilt/data/mmodel/mmodel/mmodel_00000445.bin,res/prebuilt/data/mmodel/mmodel/mmodel_00000392.bin
230,OBJ_EVENT_GFX_GIRATINA_ORIGIN,unresolved,complete_public_resource_join,READY_BILLBOARD,2,res/prebuilt/data/mmodel/mmodel/mmodel_00000440.bin,res/prebuilt/data/mmodel/mmodel/mmodel_00000466.bin,res/prebuilt/data/mmodel/mmodel/mmodel_00000393.bin
231,OBJ_EVENT_GFX_FRONTIER_SINGLE_ATTENDANT,human_actor,complete_public_resource_join,READY_BILLBOARD,16,res/prebuilt/data/mmodel/mmodel/mmodel_00000421.bin,res/prebuilt/data/mmodel/mmodel/mmodel_00000445.bin,res/prebuilt/data/mmodel/mmodel/mmodel_00000394.bin
232,OBJ_EVENT_GFX_FRONTIER_MULTI_ATTENDANT,human_actor,complete_public_resource_join,READY_BILLBOARD,16,res/prebuilt/data/mmodel/mmodel/mmodel_00000421.bin,res/prebuilt/data/mmodel/mmodel/mmodel_00000445.bin,res/prebuilt/data/mmodel/mmodel/mmodel_00000395.bin
233,OBJ_EVENT_GFX_FRONTIER_BOOTH_ATTENDANT,human_actor,complete_public_resource_join,READY_BILLBOARD,16,res/prebuilt/data/mmodel/mmodel/mmodel_00000421.bin,res/prebuilt/data/mmodel/mmodel/mmodel_00000445.bin,res/prebuilt/data/mmodel/mmodel/mmodel_00000396.bin
234,OBJ_EVENT_GFX_WIFI_PLAZA_ATTENDANT_M,human_actor,complete_public_resource_join,READY_BILLBOARD,16,res/prebuilt/data/mmodel/mmodel/mmodel_00000421.bin,res/prebuilt/data/mmodel/mmodel/mmodel_00000445.bin,res/prebuilt/data/mmodel/mmodel/mmodel_00000397.bin
235,OBJ_EVENT_GFX_WIFI_PLAZA_ATTENDANT_F,human_actor,complete_public_resource_join,READY_BILLBOARD,16,res/prebuilt/data/mmodel/mmodel/mmodel_00000421.bin,res/prebuilt/data/mmodel/mmodel/mmodel_00000445.bin,res/prebuilt/data/mmodel/mmodel/mmodel_00000398.bin
236,OBJ_EVENT_GFX_PIKACHU_UNUSED,unresolved,complete_public_resource_join,READY_BILLBOARD,16,res/prebuilt/data/mmodel/mmodel/mmodel_00000421.bin,res/prebuilt/data/mmodel/mmodel/mmodel_00000445.bin,res/prebuilt/data/mmodel/mmodel/mmodel_00000399.bin
237,OBJ_EVENT_GFX_ROTOM_HEAT,unresolved,complete_public_resource_join,READY_BILLBOARD,16,res/prebuilt/data/mmodel/mmodel/mmodel_00000421.bin,res/prebuilt/data/mmodel/mmodel/mmodel_00000445.bin,res/prebuilt/data/mmodel/mmodel/mmodel_00000400.bin
238,OBJ_EVENT_GFX_ROTOM_FAN,unresolved,complete_public_resource_join,READY_BILLBOARD,16,res/prebuilt/data/mmodel/mmodel/mmodel_00000421.bin,res/prebuilt/data/mmodel/mmodel/mmodel_00000445.bin,res/prebuilt/data/mmodel/mmodel/mmodel_00000401.bin
239,OBJ_EVENT_GFX_ROTOM_FROST,unresolved,complete_public_resource_join,READY_BILLBOARD,16,res/prebuilt/data/mmodel/mmodel/mmodel_00000421.bin,res/prebuilt/data/mmodel/mmodel/mmodel_00000445.bin,res/prebuilt/data/mmodel/mmodel/mmodel_00000402.bin
240,OBJ_EVENT_GFX_ROTOM_WASH,unresolved,complete_public_resource_join,READY_BILLBOARD,16,res/prebuilt/data/mmodel/mmodel/mmodel_00000421.bin,res/prebuilt/data/mmodel/mmodel/mmodel_00000445.bin,res/prebuilt/data/mmodel/mmodel/mmodel_00000403.bin
241,OBJ_EVENT_GFX_ROTOM_MOW,unresolved,complete_public_resource_join,READY_BILLBOARD,16,res/prebuilt/data/mmodel/mmodel/mmodel_00000421.bin,res/prebuilt/data/mmodel/mmodel/mmodel_00000445.bin,res/prebuilt/data/mmodel/mmodel/mmodel_00000404.bin
242,OBJ_EVENT_GFX_GAME_DIRECTOR,unresolved,complete_public_resource_join,READY_BILLBOARD,16,res/prebuilt/data/mmodel/mmodel/mmodel_00000421.bin,res/prebuilt/data/mmodel/mmodel/mmodel_00000445.bin,res/prebuilt/data/mmodel/mmodel/mmodel_00000405.bin
243,OBJ_EVENT_GFX_OVEN_UNUSED,unresolved,complete_public_resource_join,READY_BILLBOARD,16,res/prebuilt/data/mmodel/mmodel/mmodel_00000421.bin,res/prebuilt/data/mmodel/mmodel/mmodel_00000445.bin,res/prebuilt/data/mmodel/mmodel/mmodel_00000406.bin
244,OBJ_EVENT_GFX_FAN_UNUSED,unresolved,complete_public_resource_join,READY_BILLBOARD,16,res/prebuilt/data/mmodel/mmodel/mmodel_00000421.bin,res/prebuilt/data/mmodel/mmodel/mmodel_00000445.bin,res/prebuilt/data/mmodel/mmodel/mmodel_00000407.bin
245,OBJ_EVENT_GFX_FRIDGE_UNUSED,unresolved,complete_public_resource_join,READY_BILLBOARD,16,res/prebuilt/data/mmodel/mmodel/mmodel_00000421.bin,res/prebuilt/data/mmodel/mmodel/mmodel_00000445.bin,res/prebuilt/data/mmodel/mmodel/mmodel_00000408.bin
246,OBJ_EVENT_GFX_WASHING_MACHINE_UNUSED,object_or_effect,complete_public_resource_join,READY_BILLBOARD,16,res/prebuilt/data/mmodel/mmodel/mmodel_00000421.bin,res/prebuilt/data/mmodel/mmodel/mmodel_00000445.bin,res/prebuilt/data/mmodel/mmodel/mmodel_00000409.bin
247,OBJ_EVENT_GFX_LAWNMOWER_UNUSED,unresolved,complete_public_resource_join,READY_BILLBOARD,16,res/prebuilt/data/mmodel/mmodel/mmodel_00000421.bin,res/prebuilt/data/mmodel/mmodel/mmodel_00000445.bin,res/prebuilt/data/mmodel/mmodel/mmodel_00000410.bin
248,OBJ_EVENT_GFX_GRUNTS_GROUP_OF_4,human_actor,complete_public_resource_join,METADATA_ONLY,0,res/prebuilt/data/mmodel/mmodel/mmodel_00000441.bin,res/prebuilt/data/mmodel/mmodel/mmodel_00000445.bin,res/prebuilt/data/mmodel/mmodel/mmodel_00000411.bin
249,OBJ_EVENT_GFX_GRUNTS_GROUP_OF_3,human_actor,complete_public_resource_join,METADATA_ONLY,0,res/prebuilt/data/mmodel/mmodel/mmodel_00000444.bin,res/prebuilt/data/mmodel/mmodel/mmodel_00000445.bin,res/prebuilt/data/mmodel/mmodel/mmodel_00000412.bin
250,OBJ_EVENT_GFX_CAVE_PAINTING_SHARDS_LEFT,unresolved,complete_public_resource_join,METADATA_ONLY,0,res/prebuilt/data/mmodel/mmodel/mmodel_00000442.bin,res/prebuilt/data/mmodel/mmodel/mmodel_00000445.bin,res/prebuilt/data/mmodel/mmodel/mmodel_00000413.bin
251,OBJ_EVENT_GFX_CAVE_PAINTING_SHARDS_RIGHT,unresolved,complete_public_resource_join,METADATA_ONLY,0,res/prebuilt/data/mmodel/mmodel/mmodel_00000443.bin,res/prebuilt/data/mmodel/mmodel/mmodel_00000445.bin,res/prebuilt/data/mmodel/mmodel/mmodel_00000414.bin
252,OBJ_EVENT_GFX_DP_PLAYER_M,human_actor,complete_public_resource_join,READY_BILLBOARD,32,res/prebuilt/data/mmodel/mmodel/mmodel_00000421.bin,res/prebuilt/data/mmodel/mmodel/mmodel_00000446.bin,res/prebuilt/data/mmodel/mmodel/mmodel_00000417.bin
253,OBJ_EVENT_GFX_DP_PLAYER_F,human_actor,complete_public_resource_join,READY_BILLBOARD,32,res/prebuilt/data/mmodel/mmodel/mmodel_00000421.bin,res/prebuilt/data/mmodel/mmodel/mmodel_00000446.bin,res/prebuilt/data/mmodel/mmodel/mmodel_00000418.bin
254,OBJ_EVENT_GFX_UNK_254,unresolved,complete_public_resource_join,METADATA_ONLY,0,res/prebuilt/data/mmodel/mmodel/mmodel_00000421.bin,res/prebuilt/data/mmodel/mmodel/mmodel_00000446.bin,res/prebuilt/data/mmodel/mmodel/mmodel_00000419.bin
255,OBJ_EVENT_GFX_UNK_255,unresolved,complete_public_resource_join,METADATA_ONLY,0,res/prebuilt/data/mmodel/mmodel/mmodel_00000421.bin,res/prebuilt/data/mmodel/mmodel/mmodel_00000446.bin,res/prebuilt/data/mmodel/mmodel/mmodel_00000420.bin
256,OBJ_EVENT_GFX_PLAYER_M_VS_SEEKER,human_actor,complete_public_resource_join,READY_BILLBOARD,13,res/prebuilt/data/mmodel/mmodel/mmodel_00000421.bin,res/prebuilt/data/mmodel/mmodel/mmodel_00000467.bin,res/prebuilt/data/mmodel/mmodel/mmodel_00000415.bin
257,OBJ_EVENT_GFX_PLAYER_F_VS_SEEKER,human_actor,complete_public_resource_join,READY_BILLBOARD,13,res/prebuilt/data/mmodel/mmodel/mmodel_00000421.bin,res/prebuilt/data/mmodel/mmodel/mmodel_00000467.bin,res/prebuilt/data/mmodel/mmodel/mmodel_00000416.bin
258,OBJ_EVENT_GFX_DIST_WORLD_PLAYER_M_SURF,human_actor,complete_public_resource_join,READY_BILLBOARD,4,res/prebuilt/data/mmodel/mmodel/mmodel_00000439.bin,res/prebuilt/data/mmodel/mmodel/mmodel_00000451.bin,res/prebuilt/data/mmodel/mmodel/mmodel_00000159.bin
259,OBJ_EVENT_GFX_DIST_WORLD_PLAYER_F_SURF,human_actor,complete_public_resource_join,READY_BILLBOARD,4,res/prebuilt/data/mmodel/mmodel/mmodel_00000439.bin,res/prebuilt/data/mmodel/mmodel/mmodel_00000451.bin,res/prebuilt/data/mmodel/mmodel/mmodel_00000160.bin
260,OBJ_EVENT_GFX_UNK_260,unresolved,complete_public_resource_join,READY_BILLBOARD,3,res/prebuilt/data/mmodel/mmodel/mmodel_00000439.bin,res/prebuilt/data/mmodel/mmodel/mmodel_00000449.bin,res/prebuilt/data/mmodel/mmodel/mmodel_00000155.bin
261,OBJ_EVENT_GFX_UNK_261,unresolved,complete_public_resource_join,READY_BILLBOARD,3,res/prebuilt/data/mmodel/mmodel/mmodel_00000439.bin,res/prebuilt/data/mmodel/mmodel/mmodel_00000449.bin,res/prebuilt/data/mmodel/mmodel/mmodel_00000156.bin
262,OBJ_EVENT_GFX_WALL_BLOCKING_ROTOMS_ROOM,unresolved,incomplete_source_join,METADATA_ONLY,0,,,
263,OBJ_EVENT_GFX_DIST_WORLD_PLAYER_F,human_actor,complete_public_resource_join,READY_BILLBOARD,32,res/prebuilt/data/mmodel/mmodel/mmodel_00000439.bin,res/prebuilt/data/mmodel/mmodel/mmodel_00000446.bin,res/prebuilt/data/mmodel/mmodel/mmodel_00000091.bin
264,OBJ_EVENT_GFX_DIST_WORLD_B1F_MESPRIT,unresolved,complete_public_resource_join,READY_BILLBOARD,2,res/prebuilt/data/mmodel/mmodel/mmodel_00000421.bin,res/prebuilt/data/mmodel/mmodel/mmodel_00000453.bin,res/prebuilt/data/mmodel/mmodel/mmodel_00000131.bin
265,OBJ_EVENT_GFX_DIST_WORLD_B6F_UXIE,unresolved,complete_public_resource_join,READY_BILLBOARD,2,res/prebuilt/data/mmodel/mmodel/mmodel_00000421.bin,res/prebuilt/data/mmodel/mmodel/mmodel_00000453.bin,res/prebuilt/data/mmodel/mmodel/mmodel_00000130.bin
266,OBJ_EVENT_GFX_DIST_WORLD_B6F_MESPRIT,unresolved,complete_public_resource_join,READY_BILLBOARD,2,res/prebuilt/data/mmodel/mmodel/mmodel_00000421.bin,res/prebuilt/data/mmodel/mmodel/mmodel_00000453.bin,res/prebuilt/data/mmodel/mmodel/mmodel_00000131.bin
267,OBJ_EVENT_GFX_DIST_WORLD_B6F_AZELF,unresolved,complete_public_resource_join,READY_BILLBOARD,2,res/prebuilt/data/mmodel/mmodel/mmodel_00000421.bin,res/prebuilt/data/mmodel/mmodel/mmodel_00000453.bin,res/prebuilt/data/mmodel/mmodel/mmodel_00000132.bin
8192,OBJ_EVENT_GFX_INVISIBLE,special,incomplete_source_join,METADATA_ONLY,0,,,
